{
  "GET /categories/{id}/items" : {
    "transaction" : "GET /categories/{id}/items",
    "sampleCount" : 138847,
    "errorCount" : 6,
    "errorPct" : 0.004321303,
    "meanResTime" : 1035.7879176359584,
    "medianResTime" : 3.0,
    "minResTime" : 1.0,
    "maxResTime" : 1.3425451E7,
    "pct1ResTime" : 399.0,
    "pct2ResTime" : 686.9500000000007,
    "pct3ResTime" : 4016.650000000056,
    "throughput" : 7.676685201502551,
    "receivedKBytesPerSec" : 21.104812199933814,
    "sentKBytesPerSec" : 1.042799788480914
  },
  "GET /items?page=&size=50" : {
    "transaction" : "GET /items?page=&size=50",
    "sampleCount" : 139149,
    "errorCount" : 6,
    "errorPct" : 0.004311925,
    "meanResTime" : 1114.3907609828273,
    "medianResTime" : 45.0,
    "minResTime" : 5.0,
    "maxResTime" : 1.3425399E7,
    "pct1ResTime" : 322.0,
    "pct2ResTime" : 576.9500000000007,
    "pct3ResTime" : 2144.920000000013,
    "throughput" : 7.693228019850053,
    "receivedKBytesPerSec" : 20.30660361010153,
    "sentKBytesPerSec" : 0.9466276665049871
  },
  "GET /categories?page" : {
    "transaction" : "GET /categories?page",
    "sampleCount" : 138792,
    "errorCount" : 4,
    "errorPct" : 0.0028820105,
    "meanResTime" : 496.4017090322229,
    "medianResTime" : 3.0,
    "minResTime" : 1.0,
    "maxResTime" : 2448028.0,
    "pct1ResTime" : 248.0,
    "pct2ResTime" : 444.0,
    "pct3ResTime" : 2340.820000000029,
    "throughput" : 29.775046000592532,
    "receivedKBytesPerSec" : 65.67988100269653,
    "sentKBytesPerSec" : 3.809112330153927
  },
  "Total" : {
    "transaction" : "Total",
    "sampleCount" : 555694,
    "errorCount" : 18,
    "errorPct" : 0.0032391928,
    "meanResTime" : 975.430172001139,
    "medianResTime" : 35.0,
    "minResTime" : 1.0,
    "maxResTime" : 1.3425451E7,
    "pct1ResTime" : 408.90000000000146,
    "pct2ResTime" : 692.9500000000007,
    "pct3ResTime" : 3718.5400000000736,
    "throughput" : 30.723042574956022,
    "receivedKBytesPerSec" : 78.60938346722472,
    "sentKBytesPerSec" : 3.916048286856052
  },
  "GET /items?categoryId" : {
    "transaction" : "GET /items?categoryId",
    "sampleCount" : 138906,
    "errorCount" : 2,
    "errorPct" : 0.0014398226,
    "meanResTime" : 1254.5297035405197,
    "medianResTime" : 44.0,
    "minResTime" : 6.0,
    "maxResTime" : 1.3425447E7,
    "pct1ResTime" : 324.90000000000146,
    "pct2ResTime" : 577.0,
    "pct3ResTime" : 2154.0,
    "throughput" : 7.680011358627659,
    "receivedKBytesPerSec" : 20.27224516745171,
    "sentKBytesPerSec" : 0.9450013976436377
  }
}